Workbook

Sheet Dashboard
A1: Week 3 Project Coordination and Scheduling
A3: Project Coordination Plan for Improving E-Commerce Order Fulfillment and Delivery Performance
A5: Project Snapshot
A6: Project Name | B6: E-Commerce Fulfillment and Delivery Improvement Project | C6: Project Start | D6: 46188 | E6: Project End | F6: 46241 | G6: Duration | H6: 8 weeks
A7: Project Goal | B7: Reduce fulfillment delays and improve visibility across warehouse, courier and customer service handoffs. | C7: Project Sponsor | D7: Operations Manager | E7: Project Owner | F7: Operations Assistant | G7: Status | H7: Planned
A8: Scope | B8: Order processing, warehouse handoff, courier coordination, delay alerts, customer communication and KPI reporting. | C8: Primary Tools | D8: Excel, Power BI, SOP checklist, weekly KPI tracker | E8: Review Cadence | F8: Weekly | G8: Approach | H8: Pilot then rollout
A10: Project Control KPIs
A11: Total Tasks | B11: Completed | C11: In Progress | D11: Not Started | E11: At Risk | F11: High Priority | G11: Milestones | H11: Project Completion
A12: =COUNTA('Task Register'!A5:A200) -> 26 | B12: =COUNTIF('Task Register'!H5:H200,"Completed") -> 0 | C12: =COUNTIF('Task Register'!H5:H200,"In Progress") -> 1 | D12: =COUNTIF('Task Register'!H5:H200,"Not Started") -> 25 | E12: =COUNTIF('Task Register'!H5:H200,"At Risk") -> 0 | F12: =COUNTIF('Task Register'!I5:I200,"High") -> 20 | G12: =SUMPRODUCT(--ISNUMBER(SEARCH("Milestone",'Task Register'!C5:C200))) -> 5 | H12: =IFERROR(AVERAGE('Task Register'!L5:L200),0) -> 0.017307692
A14: Main Deliverables | E14: Expected Operational Impact
A15: 1 | B15: Approved project charter and stakeholder register | E15: Visibility | F15: Weekly KPI reporting gives management clearer delivery performance visibility.
A16: 2 | B16: Current-state process review and bottleneck assessment | E16: Speed | F16: Delay alerts help teams intervene before orders become overdue.
A17: 3 | B17: KPI tracker, delay alert rules and exception dashboard setup | E17: Quality | F17: Warehouse handoff checklists reduce missing information and rework.
A18: 4 | B18: Future-state SOP, courier SLA process and customer notification templates | E18: Customer Experience | F18: Proactive notifications reduce customer uncertainty during delays.
A19: 5 | B19: Pilot implementation, rollout plan and final handover report | E19: Accountability | F19: Named owners and escalation paths improve follow-up and closure.

Sheet Gantt Chart
A1: Professional Excel Gantt Chart - 8 Week Project Timeline
A3: Project Coordination Plan for Improving E-Commerce Fulfillment and Delivery Performance
A5: Legend | B5: Planned Work | D5: Milestone | F5: At Risk | H5: Completed
A7: ID | B7: Phase | C7: Task | D7: Owner | E7: Start | F7: End | G7: Duration | H7: Status | I7: Priority | J7: W1 | K7: W2 | L7: W3 | M7: W4 | N7: W5 | O7: W6 | P7: W7 | Q7: W8 | R7: Dependencies | S7: Deliverable | T7: Progress | U7: Notes
J8: 46188 | K8: 46195 | L8: 46202 | M8: 46209 | N8: 46216 | O8: 46223 | P8: 46230 | Q8: 46237
A9: 1 | B9: Project Initiation | C9: Project kickoff and sponsor alignment | D9: Operations Manager | E9: 46188 | F9: 46189 | G9: 2 | H9: In Progress | I9: High | J9: =IF(AND(J$8<=$F9,J$8+6>=$E9),1,"") -> 1 | K9: =IF(AND(K$8<=$F9,K$8+6>=$E9),1,"") | L9: =IF(AND(L$8<=$F9,L$8+6>=$E9),1,"") | M9: =IF(AND(M$8<=$F9,M$8+6>=$E9),1,"") | N9: =IF(AND(N$8<=$F9,N$8+6>=$E9),1,"") | O9: =IF(AND(O$8<=$F9,O$8+6>=$E9),1,"") | P9: =IF(AND(P$8<=$F9,P$8+6>=$E9),1,"") | Q9: =IF(AND(Q$8<=$F9,Q$8+6>=$E9),1,"") | S9: Kickoff notes and agreed project direction | T9: =IF(H9="Completed",1,IF(H9="In Progress",0.45,IF(H9="At Risk",0.25,0))) -> 0.45
A10: 2 | B10: Project Initiation | C10: Confirm scope, KPIs, baseline and target outcomes | D10: Operations Assistant | E10: 46189 | F10: 46190 | G10: 2 | H10: Not Started | I10: High | J10: =IF(AND(J$8<=$F10,J$8+6>=$E10),1,"") -> 1 | K10: =IF(AND(K$8<=$F10,K$8+6>=$E10),1,"") | L10: =IF(AND(L$8<=$F10,L$8+6>=$E10),1,"") | M10: =IF(AND(M$8<=$F10,M$8+6>=$E10),1,"") | N10: =IF(AND(N$8<=$F10,N$8+6>=$E10),1,"") | O10: =IF(AND(O$8<=$F10,O$8+6>=$E10),1,"") | P10: =IF(AND(P$8<=$F10,P$8+6>=$E10),1,"") | Q10: =IF(AND(Q$8<=$F10,Q$8+6>=$E10),1,"") | R10: 1 | S10: Approved scope and KPI list | T10: =IF(H10="Completed",1,IF(H10="In Progress",0.45,IF(H10="At Risk",0.25,0))) -> 0
A11: 3 | B11: Project Initiation | C11: Build stakeholder register and communication plan | D11: Project Coordinator | E11: 46190 | F11: 46191 | G11: 2 | H11: Not Started | I11: Medium | J11: =IF(AND(J$8<=$F11,J$8+6>=$E11),1,"") -> 1 | K11: =IF(AND(K$8<=$F11,K$8+6>=$E11),1,"") | L11: =IF(AND(L$8<=$F11,L$8+6>=$E11),1,"") | M11: =IF(AND(M$8<=$F11,M$8+6>=$E11),1,"") | N11: =IF(AND(N$8<=$F11,N$8+6>=$E11),1,"") | O11: =IF(AND(O$8<=$F11,O$8+6>=$E11),1,"") | P11: =IF(AND(P$8<=$F11,P$8+6>=$E11),1,"") | Q11: =IF(AND(Q$8<=$F11,Q$8+6>=$E11),1,"") | R11: 1 | S11: Stakeholder and communication matrix | T11: =IF(H11="Completed",1,IF(H11="In Progress",0.45,IF(H11="At Risk",0.25,0))) -> 0
A12: 4 | B12: Project Initiation | C12: Milestone: project charter approved | D12: Operations Manager | E12: 46192 | F12: 46192 | G12: 1 | H12: Not Started | I12: High | J12: =IF(AND(J$8<=$F12,J$8+6>=$E12),1,"") -> 1 | K12: =IF(AND(K$8<=$F12,K$8+6>=$E12),1,"") | L12: =IF(AND(L$8<=$F12,L$8+6>=$E12),1,"") | M12: =IF(AND(M$8<=$F12,M$8+6>=$E12),1,"") | N12: =IF(AND(N$8<=$F12,N$8+6>=$E12),1,"") | O12: =IF(AND(O$8<=$F12,O$8+6>=$E12),1,"") | P12: =IF(AND(P$8<=$F12,P$8+6>=$E12),1,"") | Q12: =IF(AND(Q$8<=$F12,Q$8+6>=$E12),1,"") | R12: 2,3 | S12: Signed project charter | T12: =IF(H12="Completed",1,IF(H12="In Progress",0.45,IF(H12="At Risk",0.25,0))) -> 0
A13: 5 | B13: Current Process Review | C13: Review current order fulfillment workflow | D13: Operations Assistant | E13: 46195 | F13: 46197 | G13: 3 | H13: Not Started | I13: High | J13: =IF(AND(J$8<=$F13,J$8+6>=$E13),1,"") | K13: =IF(AND(K$8<=$F13,K$8+6>=$E13),1,"") -> 1 | L13: =IF(AND(L$8<=$F13,L$8+6>=$E13),1,"") | M13: =IF(AND(M$8<=$F13,M$8+6>=$E13),1,"") | N13: =IF(AND(N$8<=$F13,N$8+6>=$E13),1,"") | O13: =IF(AND(O$8<=$F13,O$8+6>=$E13),1,"") | P13: =IF(AND(P$8<=$F13,P$8+6>=$E13),1,"") | Q13: =IF(AND(Q$8<=$F13,Q$8+6>=$E13),1,"") | R13: 4 | S13: Current-state process notes | T13: =IF(H13="Completed",1,IF(H13="In Progress",0.45,IF(H13="At Risk",0.25,0))) -> 0
A14: 6 | B14: Current Process Review | C14: Interview warehouse, courier and customer service stakeholders | D14: Project Coordinator | E14: 46195 | F14: 46198 | G14: 4 | H14: Not Started | I14: Medium | J14: =IF(AND(J$8<=$F14,J$8+6>=$E14),1,"") | K14: =IF(AND(K$8<=$F14,K$8+6>=$E14),1,"") -> 1 | L14: =IF(AND(L$8<=$F14,L$8+6>=$E14),1,"") | M14: =IF(AND(M$8<=$F14,M$8+6>=$E14),1,"") | N14: =IF(AND(N$8<=$F14,N$8+6>=$E14),1,"") | O14: =IF(AND(O$8<=$F14,O$8+6>=$E14),1,"") | P14: =IF(AND(P$8<=$F14,P$8+6>=$E14),1,"") | Q14: =IF(AND(Q$8<=$F14,Q$8+6>=$E14),1,"") | R14: 4 | S14: Interview summary log | T14: =IF(H14="Completed",1,IF(H14="In Progress",0.45,IF(H14="At Risk",0.25,0))) -> 0
A15: 7 | B15: Current Process Review | C15: Analyze delivery delay dashboard and operational findings | D15: Data Analyst | E15: 46197 | F15: 46199 | G15: 3 | H15: Not Started | I15: High | J15: =IF(AND(J$8<=$F15,J$8+6>=$E15),1,"") | K15: =IF(AND(K$8<=$F15,K$8+6>=$E15),1,"") -> 1 | L15: =IF(AND(L$8<=$F15,L$8+6>=$E15),1,"") | M15: =IF(AND(M$8<=$F15,M$8+6>=$E15),1,"") | N15: =IF(AND(N$8<=$F15,N$8+6>=$E15),1,"") | O15: =IF(AND(O$8<=$F15,O$8+6>=$E15),1,"") | P15: =IF(AND(P$8<=$F15,P$8+6>=$E15),1,"") | Q15: =IF(AND(Q$8<=$F15,Q$8+6>=$E15),1,"") | R15: 5 | S15: Baseline performance analysis | T15: =IF(H15="Completed",1,IF(H15="In Progress",0.45,IF(H15="At Risk",0.25,0))) -> 0
A16: 8 | B16: Current Process Review | C16: Identify bottlenecks, root causes and handoff risks | D16: Operations Assistant | E16: 46199 | F16: 46202 | G16: 4 | H16: Not Started | I16: High | J16: =IF(AND(J$8<=$F16,J$8+6>=$E16),1,"") | K16: =IF(AND(K$8<=$F16,K$8+6>=$E16),1,"") -> 1 | L16: =IF(AND(L$8<=$F16,L$8+6>=$E16),1,"") -> 1 | M16: =IF(AND(M$8<=$F16,M$8+6>=$E16),1,"") | N16: =IF(AND(N$8<=$F16,N$8+6>=$E16),1,"") | O16: =IF(AND(O$8<=$F16,O$8+6>=$E16),1,"") | P16: =IF(AND(P$8<=$F16,P$8+6>=$E16),1,"") | Q16: =IF(AND(Q$8<=$F16,Q$8+6>=$E16),1,"") | R16: 5,6,7 | S16: Bottleneck and root-cause summary | T16: =IF(H16="Completed",1,IF(H16="In Progress",0.45,IF(H16="At Risk",0.25,0))) -> 0
A17: 9 | B17: Current Process Review | C17: Milestone: current-state assessment approved | D17: Operations Manager | E17: 46203 | F17: 46203 | G17: 1 | H17: Not Started | I17: High | J17: =IF(AND(J$8<=$F17,J$8+6>=$E17),1,"") | K17: =IF(AND(K$8<=$F17,K$8+6>=$E17),1,"") | L17: =IF(AND(L$8<=$F17,L$8+6>=$E17),1,"") -> 1 | M17: =IF(AND(M$8<=$F17,M$8+6>=$E17),1,"") | N17: =IF(AND(N$8<=$F17,N$8+6>=$E17),1,"") | O17: =IF(AND(O$8<=$F17,O$8+6>=$E17),1,"") | P17: =IF(AND(P$8<=$F17,P$8+6>=$E17),1,"") | Q17: =IF(AND(Q$8<=$F17,Q$8+6>=$E17),1,"") | R17: 8 | S17: Current-state assessment sign-off | T17: =IF(H17="Completed",1,IF(H17="In Progress",0.45,IF(H17="At Risk",0.25,0))) -> 0
A18: 10 | B18: Data and KPI Setup | C18: Define KPI fields, calculation rules and reporting cadence | D18: Data Analyst | E18: 46204 | F18: 46205 | G18: 2 | H18: Not Started | I18: High | J18: =IF(AND(J$8<=$F18,J$8+6>=$E18),1,"") | K18: =IF(AND(K$8<=$F18,K$8+6>=$E18),1,"") | L18: =IF(AND(L$8<=$F18,L$8+6>=$E18),1,"") -> 1 | M18: =IF(AND(M$8<=$F18,M$8+6>=$E18),1,"") | N18: =IF(AND(N$8<=$F18,N$8+6>=$E18),1,"") | O18: =IF(AND(O$8<=$F18,O$8+6>=$E18),1,"") | P18: =IF(AND(P$8<=$F18,P$8+6>=$E18),1,"") | Q18: =IF(AND(Q$8<=$F18,Q$8+6>=$E18),1,"") | R18: 9 | S18: KPI definition sheet | T18: =IF(H18="Completed",1,IF(H18="In Progress",0.45,IF(H18="At Risk",0.25,0))) -> 0
A19: 11 | B19: Data and KPI Setup | C19: Prepare tracking template and Power BI/Excel source fields | D19: Data Analyst | E19: 46205 | F19: 46209 | G19: 5 | H19: Not Started | I19: High | J19: =IF(AND(J$8<=$F19,J$8+6>=$E19),1,"") | K19: =IF(AND(K$8<=$F19,K$8+6>=$E19),1,"") | L19: =IF(AND(L$8<=$F19,L$8+6>=$E19),1,"") -> 1 | M19: =IF(AND(M$8<=$F19,M$8+6>=$E19),1,"") -> 1 | N19: =IF(AND(N$8<=$F19,N$8+6>=$E19),1,"") | O19: =IF(AND(O$8<=$F19,O$8+6>=$E19),1,"") | P19: =IF(AND(P$8<=$F19,P$8+6>=$E19),1,"") | Q19: =IF(AND(Q$8<=$F19,Q$8+6>=$E19),1,"") | R19: 10 | S19: KPI tracking template | T19: =IF(H19="Completed",1,IF(H19="In Progress",0.45,IF(H19="At Risk",0.25,0))) -> 0
A20: 12 | B20: Data and KPI Setup | C20: Configure delay alert rules and exception tracker | D20: Operations Assistant | E20: 46209 | F20: 46211 | G20: 3 | H20: Not Started | I20: High | J20: =IF(AND(J$8<=$F20,J$8+6>=$E20),1,"") | K20: =IF(AND(K$8<=$F20,K$8+6>=$E20),1,"") | L20: =IF(AND(L$8<=$F20,L$8+6>=$E20),1,"") | M20: =IF(AND(M$8<=$F20,M$8+6>=$E20),1,"") -> 1 | N20: =IF(AND(N$8<=$F20,N$8+6>=$E20),1,"") | O20: =IF(AND(O$8<=$F20,O$8+6>=$E20),1,"") | P20: =IF(AND(P$8<=$F20,P$8+6>=$E20),1,"") | Q20: =IF(AND(Q$8<=$F20,Q$8+6>=$E20),1,"") | R20: 11 | S20: Delay exception tracker | T20: =IF(H20="Completed",1,IF(H20="In Progress",0.45,IF(H20="At Risk",0.25,0))) -> 0
A21: 13 | B21: Data and KPI Setup | C21: Validate data quality and reporting ownership | D21: Project Coordinator | E21: 46211 | F21: 46213 | G21: 3 | H21: Not Started | I21: Medium | J21: =IF(AND(J$8<=$F21,J$8+6>=$E21),1,"") | K21: =IF(AND(K$8<=$F21,K$8+6>=$E21),1,"") | L21: =IF(AND(L$8<=$F21,L$8+6>=$E21),1,"") | M21: =IF(AND(M$8<=$F21,M$8+6>=$E21),1,"") -> 1 | N21: =IF(AND(N$8<=$F21,N$8+6>=$E21),1,"") | O21: =IF(AND(O$8<=$F21,O$8+6>=$E21),1,"") | P21: =IF(AND(P$8<=$F21,P$8+6>=$E21),1,"") | Q21: =IF(AND(Q$8<=$F21,Q$8+6>=$E21),1,"") | R21: 11,12 | S21: Data quality checklist | T21: =IF(H21="Completed",1,IF(H21="In Progress",0.45,IF(H21="At Risk",0.25,0))) -> 0
... A34: 26 | B34: Rollout and Closure | C34: Final performance review and handover report | D34: Operations Assistant | E34: 46241 | F34: 46241 | G34: 1 | H34: Not Started | I34: High | J34: =IF(AND(J$8<=$F34,J$8+6>=$E34),1,"") | K34: =IF(AND(K$8<=$F34,K$8+6>=$E34),1,"") | L34: =IF(AND(L$8<=$F34,L$8+6>=$E34),1,"") | M34: =IF(AND(M$8<=$F34,M$8+6>=$E34),1,"") | N34: =IF(AND(N$8<=$F34,N$8+6>=$E34),1,"") | O34: =IF(AND(O$8<=$F34,O$8+6>=$E34),1,"") | P34: =IF(AND(P$8<=$F34,P$8+6>=$E34),1,"") | Q34: =IF(AND(Q$8<=$F34,Q$8+6>=$E34),1,"") -> 1 | R34: 25 | S34: Final project report and handover pack | T34: =IF(H34="Completed",1,IF(H34="In Progress",0.45,IF(H34="At Risk",0.25,0))) -> 0

Sheet Task Register
A1: Task Register - E-Commerce Fulfillment and Delivery Improvement Project
A4: ID | B4: Phase | C4: Task | D4: Owner | E4: Start Date | F4: End Date | G4: Duration | H4: Status | I4: Priority | J4: Dependency | K4: Deliverable | L4: Progress %
A5: 1 | B5: Project Initiation | C5: Project kickoff and sponsor alignment | D5: Operations Manager | E5: 46188 | F5: 46189 | G5: =F5-E5+1 -> 2 | H5: In Progress | I5: High | K5: Kickoff notes and agreed project direction | L5: =IF(H5="Completed",1,IF(H5="In Progress",0.45,IF(H5="At Risk",0.25,0))) -> 0.45
A6: 2 | B6: Project Initiation | C6: Confirm scope, KPIs, baseline and target outcomes | D6: Operations Assistant | E6: 46189 | F6: 46190 | G6: =F6-E6+1 -> 2 | H6: Not Started | I6: High | J6: 1 | K6: Approved scope and KPI list | L6: =IF(H6="Completed",1,IF(H6="In Progress",0.45,IF(H6="At Risk",0.25,0))) -> 0
A7: 3 | B7: Project Initiation | C7: Build stakeholder register and communication plan | D7: Project Coordinator | E7: 46190 | F7: 46191 | G7: =F7-E7+1 -> 2 | H7: Not Started | I7: Medium | J7: 1 | K7: Stakeholder and communication matrix | L7: =IF(H7="Completed",1,IF(H7="In Progress",0.45,IF(H7="At Risk",0.25,0))) -> 0
A8: 4 | B8: Project Initiation | C8: Milestone: project charter approved | D8: Operations Manager | E8: 46192 | F8: 46192 | G8: =F8-E8+1 -> 1 | H8: Not Started | I8: High | J8: 2,3 | K8: Signed project charter | L8: =IF(H8="Completed",1,IF(H8="In Progress",0.45,IF(H8="At Risk",0.25,0))) -> 0
A9: 5 | B9: Current Process Review | C9: Review current order fulfillment workflow | D9: Operations Assistant | E9: 46195 | F9: 46197 | G9: =F9-E9+1 -> 3 | H9: Not Started | I9: High | J9: 4 | K9: Current-state process notes | L9: =IF(H9="Completed",1,IF(H9="In Progress",0.45,IF(H9="At Risk",0.25,0))) -> 0
A10: 6 | B10: Current Process Review | C10: Interview warehouse, courier and customer service stakeholders | D10: Project Coordinator | E10: 46195 | F10: 46198 | G10: =F10-E10+1 -> 4 | H10: Not Started | I10: Medium | J10: 4 | K10: Interview summary log | L10: =IF(H10="Completed",1,IF(H10="In Progress",0.45,IF(H10="At Risk",0.25,0))) -> 0
A11: 7 | B11: Current Process Review | C11: Analyze delivery delay dashboard and operational findings | D11: Data Analyst | E11: 46197 | F11: 46199 | G11: =F11-E11+1 -> 3 | H11: Not Started | I11: High | J11: 5 | K11: Baseline performance analysis | L11: =IF(H11="Completed",1,IF(H11="In Progress",0.45,IF(H11="At Risk",0.25,0))) -> 0
A12: 8 | B12: Current Process Review | C12: Identify bottlenecks, root causes and handoff risks | D12: Operations Assistant | E12: 46199 | F12: 46202 | G12: =F12-E12+1 -> 4 | H12: Not Started | I12: High | J12: 5,6,7 | K12: Bottleneck and root-cause summary | L12: =IF(H12="Completed",1,IF(H12="In Progress",0.45,IF(H12="At Risk",0.25,0))) -> 0
A13: 9 | B13: Current Process Review | C13: Milestone: current-state assessment approved | D13: Operations Manager | E13: 46203 | F13: 46203 | G13: =F13-E13+1 -> 1 | H13: Not Started | I13: High | J13: 8 | K13: Current-state assessment sign-off | L13: =IF(H13="Completed",1,IF(H13="In Progress",0.45,IF(H13="At Risk",0.25,0))) -> 0
A14: 10 | B14: Data and KPI Setup | C14: Define KPI fields, calculation rules and reporting cadence | D14: Data Analyst | E14: 46204 | F14: 46205 | G14: =F14-E14+1 -> 2 | H14: Not Started | I14: High | J14: 9 | K14: KPI definition sheet | L14: =IF(H14="Completed",1,IF(H14="In Progress",0.45,IF(H14="At Risk",0.25,0))) -> 0
A15: 11 | B15: Data and KPI Setup | C15: Prepare tracking template and Power BI/Excel source fields | D15: Data Analyst | E15: 46205 | F15: 46209 | G15: =F15-E15+1 -> 5 | H15: Not Started | I15: High | J15: 10 | K15: KPI tracking template | L15: =IF(H15="Completed",1,IF(H15="In Progress",0.45,IF(H15="At Risk",0.25,0))) -> 0
A16: 12 | B16: Data and KPI Setup | C16: Configure delay alert rules and exception tracker | D16: Operations Assistant | E16: 46209 | F16: 46211 | G16: =F16-E16+1 -> 3 | H16: Not Started | I16: High | J16: 11 | K16: Delay exception tracker | L16: =IF(H16="Completed",1,IF(H16="In Progress",0.45,IF(H16="At Risk",0.25,0))) -> 0
A17: 13 | B17: Data and KPI Setup | C17: Validate data quality and reporting ownership | D17: Project Coordinator | E17: 46211 | F17: 46213 | G17: =F17-E17+1 -> 3 | H17: Not Started | I17: Medium | J17: 11,12 | K17: Data quality checklist | L17: =IF(H17="Completed",1,IF(H17="In Progress",0.45,IF(H17="At Risk",0.25,0))) -> 0
... A30: 26 | B30: Rollout and Closure | C30: Final performance review and handover report | D30: Operations Assistant | E30: 46241 | F30: 46241 | G30: =F30-E30+1 -> 1 | H30: Not Started | I30: High | J30: 25 | K30: Final project report and handover pack | L30: =IF(H30="Completed",1,IF(H30="In Progress",0.45,IF(H30="At Risk",0.25,0))) -> 0

Sheet Milestones
A1: Milestone and Deliverables Tracker
A4: ID | B4: Milestone | C4: Target Date | D4: Deliverable | E4: Acceptance Criteria | F4: Owner | G4: Status
A5: M1 | B5: Project charter approved | C5: 46192 | D5: Signed project charter | E5: Scope, project goal and responsible owners confirmed | F5: Operations Manager | G5: Not Started
A6: M2 | B6: Current-state assessment approved | C6: 46203 | D6: Process review and bottleneck assessment | E6: Root causes and handoff risks clearly documented | F6: Operations Manager | G6: Not Started
A7: M3 | B7: KPI dashboard and tracker ready | C7: 46213 | D7: KPI tracker and delay exception rules | E7: Reporting fields validated and owners assigned | F7: Data Analyst | G7: Not Started
A8: M4 | B8: Future-state design approved | C8: 46224 | D8: SOP, SLA review process and templates | E8: Improved process map and role handoffs approved | F8: Operations Manager | G8: Not Started
A9: M5 | B9: Pilot sign-off | C9: 46234 | D9: Pilot report and corrective action log | E9: Pilot completed with documented lessons learned | F9: Operations Manager | G9: Not Started
A10: M6 | B10: Project closure and handover | C10: 46241 | D10: Final performance review and handover report | E10: Final report submitted with next-step owner | F10: Operations Assistant | G10: Not Started

Sheet Resources RACI
A1: Resource Allocation and RACI Matrix
A4: Workstream | B4: Operations Manager | C4: Operations Assistant | D4: Project Coordinator | E4: Data Analyst | F4: Warehouse Lead | G4: Customer Service Lead | H4: Courier Partner
A5: Project initiation and governance | B5: A | C5: R | D5: C | E5: C | F5: I | G5: I | H5: I
A6: Current process review | B6: A | C6: R | D6: R | E6: C | F6: C | G6: C | H6: C
A7: KPI and dashboard setup | B7: A | C7: C | D7: C | E7: R | F7: I | G7: I | H7: I
A8: Warehouse handoff SOP redesign | B8: A | C8: R | D8: C | E8: C | F8: R | G8: C | H8: C
A9: Courier SLA and escalation process | B9: A/R | C9: C | D9: C | E9: I | F9: C | G9: I | H9: R
A10: Customer notification templates | B10: A | C10: C | D10: C | E10: I | F10: I | G10: R | H10: C
A11: Pilot monitoring and issue resolution | B11: A | C11: R | D11: R | E11: C | F11: R | G11: C | H11: R
A12: Training and rollout | B12: A | C12: R | D12: R | E12: I | F12: R | G12: R | H12: C
A13: Final handover and reporting | B13: A | C13: R | D13: C | E13: R | F13: I | G13: I | H13: I
A16: RACI Legend
A17: R = Responsible | B17: A = Accountable | C17: C = Consulted | D17: I = Informed | E17: A/R = Accountable and Responsible

Sheet Risk Register
A1: Risk Assessment and Mitigation Register
A4: ID | B4: Risk Category | C4: Risk Description | D4: Probability | E4: Impact | F4: Risk Score | G4: Owner | H4: Mitigation Strategy | I4: Contingency Plan | J4: Status
A5: R1 | B5: Schedule | C5: Project tasks take longer than expected due to stakeholder availability. | D5: 3 | E5: 4 | F5: =D5*E5 -> 12 | G5: Project Coordinator | H5: Use weekly progress check-ins and confirm meeting availability in advance. | I5: Escalate overdue tasks and adjust non-critical activities. | J5: Open
A6: R2 | B6: Data Quality | C6: Order tracking fields are incomplete or inconsistent across teams. | D6: 4 | E6: 5 | F6: =D6*E6 -> 20 | G6: Data Analyst | H6: Standardize fields before dashboard setup and assign data ownership. | I6: Use manual validation sample until automation is stable. | J6: Open
A7: R3 | B7: Operational Adoption | C7: Warehouse or customer service teams resist the updated process. | D7: 3 | E7: 4 | F7: =D7*E7 -> 12 | G7: Operations Manager | H7: Keep SOP simple and provide short training with role-specific checklists. | I7: Run additional coaching and collect feedback during pilot. | J7: Open
A8: R4 | B8: Courier Performance | C8: Delivery partner performance does not improve after SLA review. | D8: 3 | E8: 5 | F8: =D8*E8 -> 15 | G8: Operations Manager | H8: Review SLA performance weekly and create an escalation path for late orders. | I8: Compare alternative carriers for high-delay locations. | J8: Open
A9: R5 | B9: Customer Experience | C9: Customers remain dissatisfied if delay notifications are sent too late. | D9: 3 | E9: 4 | F9: =D9*E9 -> 12 | G9: Customer Service Lead | H9: Set notification triggers before expected delivery is missed. | I9: Send proactive service recovery messages for high-risk orders. | J9: Open
A10: R6 | B10: Technology | C10: Power BI or tracker setup does not refresh as expected. | D10: 2 | E10: 4 | F10: =D10*E10 -> 8 | G10: Data Analyst | H10: Test refresh logic during setup and document ownership. | I10: Use Excel tracker backup during pilot period. | J10: Open
A11: R7 | B11: Scope Creep | C11: Additional process changes are requested beyond the agreed project scope. | D11: 3 | E11: 3 | F11: =D11*E11 -> 9 | G11: Operations Manager | H11: Use change log and require approval for major scope additions. | I11: Move non-critical ideas to the post-project improvement backlog. | J11: Open

Sheet Communication Plan
A1: Stakeholder Communication Plan
A4: Audience | B4: Purpose | C4: Format | D4: Frequency | E4: Owner | F4: Timing | G4: Output | H4: Escalation Trigger
A5: Project sponsor / Operations Manager | B5: Confirm scope, decisions and roadblocks | C5: Weekly meeting + summary email | D5: Weekly | E5: Project Coordinator | F5: Every Monday | G5: Decision log and action tracker | H5: Blocked tasks or timeline slip over 2 days
A6: Warehouse team | B6: Review handoff process, issues and checklist usage | C6: Stand-up meeting | D6: Twice weekly during pilot | E6: Warehouse Lead | F6: Tue/Thu | G6: Issue log and checklist updates | H6: Repeated picking or handoff errors
A7: Courier partner | B7: Review SLA performance and delayed order exceptions | C7: SLA review call | D7: Weekly | E7: Operations Manager | F7: Wednesday | G7: Courier action list | H7: Late delivery rate exceeds target
A8: Customer service team | B8: Align delay notifications and customer response process | C8: Briefing + template review | D8: Weekly | E8: Customer Service Lead | F8: Thursday | G8: Approved templates and feedback log | H8: Customer complaints increase
A9: Data analyst | B9: Validate KPI fields, dashboard refresh and data quality | C9: Working session | D9: Weekly | E9: Operations Assistant | F9: Friday | G9: Updated tracker and validation notes | H9: Data gaps or dashboard refresh failure
A10: All stakeholders | B10: Share pilot outcome, rollout readiness and final handover | C10: Final report and presentation | D10: Project close | E10: Operations Assistant | F10: Week 8 | G10: Final project report | H10: Open risks remain unresolved

Sheet Instructions
A1: How to Use This Workbook
A4: Step | B4: Instruction | C4: Sheet | D4: Editable Fields | E4: Notes | F4: Quality Check
A5: 1 | B5: Review the Dashboard first to understand the project scope and KPI cards. | C5: Dashboard | D5: Status snapshot if needed | E5: KPI cards update from the Task Register when opened in Excel. | F5: Check project dates and status.
A6: 2 | B6: Use the Gantt Chart sheet as the main scheduling view. | C6: Gantt Chart | D6: Start, End, Status, Priority, Notes | E6: The timeline bars are formula-based and update when dates change. | F6: Check dates and dependencies.
A7: 3 | B7: Update individual tasks and progress in the Task Register. | C7: Task Register | D7: Owner, Start Date, End Date, Status, Priority, Deliverable | E7: Duration and progress are formula-driven. | F7: Avoid deleting formulas.
A8: 4 | B8: Track milestone completion and ownership. | C8: Milestones | D8: Status and owner | E8: Use this for reporting key project checkpoints. | F8: Confirm every milestone has a deliverable.
A9: 5 | B9: Use the RACI matrix to explain resource allocation. | C9: Resources RACI | D9: RACI letters if ownership changes | E9: R = Responsible, A = Accountable, C = Consulted, I = Informed. | F9: Ensure each workstream has an accountable owner.
A10: 6 | B10: Review and update risks during weekly project meetings. | C10: Risk Register | D10: Probability, impact, status, mitigation | E10: Risk Score = Probability x Impact. | F10: Escalate high scores.
A11: 7 | B11: Use the Communication Plan to keep stakeholders aligned. | C11: Communication Plan | D11: Frequency, owner, escalation trigger | E11: This supports the report submission requirement. | F11: Check cadence and owners.
